diag,dist,expanded,h,heuristic,note,p,path_len_nodes,phase,relaxed,run_id,seed,time_s,visited,w
False,238.0,4469,120,manhattan,,0.25,239,first_astar,5760,0,1,0.046509900013916194,5226,120
False,238.0,4504,120,manhattan,,0.25,239,rerun_after_add,5804,0,1,0.05178099998738617,5265,120
False,238.0,4504,120,manhattan,boxed_repair,0.25,239,repair_after_add,5804,0,1,0.052177200035657734,5265,120
False,238.0,9594,120,euclidean,,0.25,239,first_astar,9721,0,1,0.11766709998482838,9722,120
False,238.0,9572,120,euclidean,,0.25,239,rerun_after_add,9714,0,1,0.10064820002298802,9715,120
False,238.0,9572,120,euclidean,boxed_repair,0.25,239,repair_after_add,9714,0,1,0.1048373999656178,9715,120
False,238.0,4469,120,manhattan,,0.25,239,first_astar,5760,1,1,0.04020589997526258,5226,120
False,238.0,4504,120,manhattan,,0.25,239,rerun_after_add,5804,1,1,0.04337699996540323,5265,120
False,238.0,4504,120,manhattan,boxed_repair,0.25,239,repair_after_add,5804,1,1,0.04636699997354299,5265,120
False,238.0,9594,120,euclidean,,0.25,239,first_astar,9721,1,1,0.10150420002173632,9722,120
False,238.0,9572,120,euclidean,,0.25,239,rerun_after_add,9714,1,1,0.1002658000215888,9715,120
False,238.0,9572,120,euclidean,boxed_repair,0.25,239,repair_after_add,9714,1,1,0.1294357000151649,9715,120
False,238.0,4469,120,manhattan,,0.25,239,first_astar,5760,2,1,0.06140619999496266,5226,120
False,238.0,4504,120,manhattan,,0.25,239,rerun_after_add,5804,2,1,0.05242399999406189,5265,120
False,238.0,4504,120,manhattan,boxed_repair,0.25,239,repair_after_add,5804,2,1,0.06826520001050085,5265,120
False,238.0,9594,120,euclidean,,0.25,239,first_astar,9721,2,1,0.14721730002202094,9722,120
False,238.0,9572,120,euclidean,,0.25,239,rerun_after_add,9714,2,1,0.11759300000267103,9715,120
False,238.0,9572,120,euclidean,boxed_repair,0.25,239,repair_after_add,9714,2,1,0.1178768000099808,9715,120
False,238.0,4469,120,manhattan,,0.25,239,first_astar,5760,3,1,0.05767050001304597,5226,120
False,238.0,4504,120,manhattan,,0.25,239,rerun_after_add,5804,3,1,0.0448581000091508,5265,120
False,238.0,4504,120,manhattan,boxed_repair,0.25,239,repair_after_add,5804,3,1,0.049295300035737455,5265,120
False,238.0,9594,120,euclidean,,0.25,239,first_astar,9721,3,1,0.1255507999449037,9722,120
False,238.0,9572,120,euclidean,,0.25,239,rerun_after_add,9714,3,1,0.12894810002762824,9715,120
False,238.0,9572,120,euclidean,boxed_repair,0.25,239,repair_after_add,9714,3,1,0.1270162999862805,9715,120
False,238.0,4469,120,manhattan,,0.25,239,first_astar,5760,4,1,0.05379570001969114,5226,120
False,238.0,4504,120,manhattan,,0.25,239,rerun_after_add,5804,4,1,0.06756569998105988,5265,120
False,238.0,4504,120,manhattan,boxed_repair,0.25,239,repair_after_add,5804,4,1,0.06196560000535101,5265,120
False,238.0,9594,120,euclidean,,0.25,239,first_astar,9721,4,1,0.15681220003170893,9722,120
False,238.0,9572,120,euclidean,,0.25,239,rerun_after_add,9714,4,1,0.22301089996472,9715,120
False,238.0,9572,120,euclidean,boxed_repair,0.25,239,repair_after_add,9714,4,1,0.24650030001066625,9715,120
False,238.0,1970,120,manhattan,,0.25,239,first_astar,2582,0,2,0.03064830001676455,2415,120
False,238.0,1803,120,manhattan,,0.25,239,rerun_after_add,2384,0,2,0.026223899971228093,2238,120
False,238.0,1803,120,manhattan,boxed_repair,0.25,239,repair_after_add,2384,0,2,0.029256900015752763,2238,120
False,238.0,9551,120,euclidean,,0.25,239,first_astar,9684,0,2,0.2594659000169486,9684,120
False,238.0,9535,120,euclidean,,0.25,239,rerun_after_add,9674,0,2,0.25158729997929186,9675,120
False,238.0,9535,120,euclidean,boxed_repair,0.25,239,repair_after_add,9674,0,2,0.1898436999763362,9675,120
False,238.0,1970,120,manhattan,,0.25,239,first_astar,2582,1,2,0.050343999988399446,2415,120
False,238.0,1803,120,manhattan,,0.25,239,rerun_after_add,2384,1,2,0.05020250001689419,2238,120
False,238.0,1803,120,manhattan,boxed_repair,0.25,239,repair_after_add,2384,1,2,0.030372400011401623,2238,120
False,238.0,9551,120,euclidean,,0.25,239,first_astar,9684,1,2,0.19455640000524,9684,120
False,238.0,9535,120,euclidean,,0.25,239,rerun_after_add,9674,1,2,0.20448650000616908,9675,120
False,238.0,9535,120,euclidean,boxed_repair,0.25,239,repair_after_add,9674,1,2,0.31076399999437854,9675,120
False,238.0,1970,120,manhattan,,0.25,239,first_astar,2582,2,2,0.03543359995819628,2415,120
False,238.0,1803,120,manhattan,,0.25,239,rerun_after_add,2384,2,2,0.03667440003482625,2238,120
False,238.0,1803,120,manhattan,boxed_repair,0.25,239,repair_after_add,2384,2,2,0.0313732999493368,2238,120
False,238.0,9551,120,euclidean,,0.25,239,first_astar,9684,2,2,0.1732392000267282,9684,120
False,238.0,9535,120,euclidean,,0.25,239,rerun_after_add,9674,2,2,0.15249860001495108,9675,120
False,238.0,9535,120,euclidean,boxed_repair,0.25,239,repair_after_add,9674,2,2,0.15985380002530292,9675,120
False,238.0,1970,120,manhattan,,0.25,239,first_astar,2582,3,2,0.024607500003185123,2415,120
False,238.0,1803,120,manhattan,,0.25,239,rerun_after_add,2384,3,2,0.02190990000963211,2238,120
False,238.0,1803,120,manhattan,boxed_repair,0.25,239,repair_after_add,2384,3,2,0.024416200001724064,2238,120
False,238.0,9551,120,euclidean,,0.25,239,first_astar,9684,3,2,0.1374484999687411,9684,120
False,238.0,9535,120,euclidean,,0.25,239,rerun_after_add,9674,3,2,0.1405932999914512,9675,120
False,238.0,9535,120,euclidean,boxed_repair,0.25,239,repair_after_add,9674,3,2,0.15546390000963584,9675,120
False,238.0,1970,120,manhattan,,0.25,239,first_astar,2582,4,2,0.021069600014016032,2415,120
False,238.0,1803,120,manhattan,,0.25,239,rerun_after_add,2384,4,2,0.021236300002783537,2238,120
False,238.0,1803,120,manhattan,boxed_repair,0.25,239,repair_after_add,2384,4,2,0.025587700016330928,2238,120
False,238.0,9551,120,euclidean,,0.25,239,first_astar,9684,4,2,0.1460122999851592,9684,120
False,238.0,9535,120,euclidean,,0.25,239,rerun_after_add,9674,4,2,0.15336330002173781,9675,120
False,238.0,9535,120,euclidean,boxed_repair,0.25,239,repair_after_add,9674,4,2,0.16991449997294694,9675,120
False,240.0,2643,120,manhattan,,0.25,241,first_astar,3401,0,3,0.031484899984207004,3093,120
False,240.0,2280,120,manhattan,,0.25,241,rerun_after_add,2941,0,3,0.02608830004464835,2707,120
False,240.0,2280,120,manhattan,boxed_repair,0.25,241,repair_after_add,2941,0,3,0.027513800014276057,2707,120
False,240.0,9582,120,euclidean,,0.25,241,first_astar,9713,0,3,0.13476480002282187,9710,120
False,240.0,9585,120,euclidean,,0.25,241,rerun_after_add,9711,0,3,0.14274169999407604,9710,120
False,240.0,9585,120,euclidean,boxed_repair,0.25,241,repair_after_add,9711,0,3,0.14176919998135418,9710,120
False,240.0,2643,120,manhattan,,0.25,241,first_astar,3401,1,3,0.02684100001351908,3093,120
False,240.0,2280,120,manhattan,,0.25,241,rerun_after_add,2941,1,3,0.022509300033561885,2707,120
False,240.0,2280,120,manhattan,boxed_repair,0.25,241,repair_after_add,2941,1,3,0.02767029998358339,2707,120
False,240.0,9582,120,euclidean,,0.25,241,first_astar,9713,1,3,0.11675909999758005,9710,120
False,240.0,9585,120,euclidean,,0.25,241,rerun_after_add,9711,1,3,0.11379829997895285,9710,120
False,240.0,9585,120,euclidean,boxed_repair,0.25,241,repair_after_add,9711,1,3,0.11899069999344647,9710,120
False,240.0,2643,120,manhattan,,0.25,241,first_astar,3401,2,3,0.024835499993059784,3093,120
False,240.0,2280,120,manhattan,,0.25,241,rerun_after_add,2941,2,3,0.02153969998471439,2707,120
False,240.0,2280,120,manhattan,boxed_repair,0.25,241,repair_after_add,2941,2,3,0.03090760001214221,2707,120
False,240.0,9582,120,euclidean,,0.25,241,first_astar,9713,2,3,0.20388420001836494,9710,120
False,240.0,9585,120,euclidean,,0.25,241,rerun_after_add,9711,2,3,0.29961499996716157,9710,120
False,240.0,9585,120,euclidean,boxed_repair,0.25,241,repair_after_add,9711,2,3,0.24995700002182275,9710,120
False,240.0,2643,120,manhattan,,0.25,241,first_astar,3401,3,3,0.04034690000116825,3093,120
False,240.0,2280,120,manhattan,,0.25,241,rerun_after_add,2941,3,3,0.029765200044494122,2707,120
False,240.0,2280,120,manhattan,boxed_repair,0.25,241,repair_after_add,2941,3,3,0.030311000009533018,2707,120
False,240.0,9582,120,euclidean,,0.25,241,first_astar,9713,3,3,0.17783249996136874,9710,120
False,240.0,9585,120,euclidean,,0.25,241,rerun_after_add,9711,3,3,0.1667192000313662,9710,120
False,240.0,9585,120,euclidean,boxed_repair,0.25,241,repair_after_add,9711,3,3,0.1377626999747008,9710,120
False,240.0,2643,120,manhattan,,0.25,241,first_astar,3401,4,3,0.03543589997570962,3093,120
False,240.0,2280,120,manhattan,,0.25,241,rerun_after_add,2941,4,3,0.02832819998729974,2707,120
False,240.0,2280,120,manhattan,boxed_repair,0.25,241,repair_after_add,2941,4,3,0.03838820004602894,2707,120
False,240.0,9582,120,euclidean,,0.25,241,first_astar,9713,4,3,0.12535240000579506,9710,120
False,240.0,9585,120,euclidean,,0.25,241,rerun_after_add,9711,4,3,0.11648149997927248,9710,120
False,240.0,9585,120,euclidean,boxed_repair,0.25,241,repair_after_add,9711,4,3,0.12966570002026856,9710,120
False,inf,1,120,manhattan,,0.25,0,first_astar,0,0,4,4.680000711232424e-05,1,120
False,inf,1,120,manhattan,,0.25,0,rerun_after_add,0,0,4,2.4300010409206152e-05,1,120
False,inf,1,120,manhattan,,0.25,0,repair_after_add,0,0,4,2.2000051103532314e-05,1,120
False,inf,1,120,euclidean,,0.25,0,first_astar,0,0,4,1.0700023267418146e-05,1,120
False,inf,1,120,euclidean,,0.25,0,rerun_after_add,0,0,4,6.89999433234334e-06,1,120
False,inf,1,120,euclidean,,0.25,0,repair_after_add,0,0,4,6.89999433234334e-06,1,120
False,inf,1,120,manhattan,,0.25,0,first_astar,0,1,4,1.6200006939470768e-05,1,120
False,inf,1,120,manhattan,,0.25,0,rerun_after_add,0,1,4,7.399998139590025e-06,1,120
False,inf,1,120,manhattan,,0.25,0,repair_after_add,0,1,4,7.099995855242014e-06,1,120
False,inf,1,120,euclidean,,0.25,0,first_astar,0,1,4,8.000002708286047e-06,1,120
False,inf,1,120,euclidean,,0.25,0,rerun_after_add,0,1,4,6.700051017105579e-06,1,120
False,inf,1,120,euclidean,,0.25,0,repair_after_add,0,1,4,6.800051778554916e-06,1,120
False,inf,1,120,manhattan,,0.25,0,first_astar,0,2,4,1.950003206729889e-05,1,120
False,inf,1,120,manhattan,,0.25,0,rerun_after_add,0,2,4,8.599949069321156e-06,1,120
False,inf,1,120,manhattan,,0.25,0,repair_after_add,0,2,4,7.800001185387373e-06,1,120
False,inf,1,120,euclidean,,0.25,0,first_astar,0,2,4,9.700015652924776e-06,1,120
False,inf,1,120,euclidean,,0.25,0,rerun_after_add,0,2,4,7.00005330145359e-06,1,120
False,inf,1,120,euclidean,,0.25,0,repair_after_add,0,2,4,7.299997378140688e-06,1,120
False,inf,1,120,manhattan,,0.25,0,first_astar,0,3,4,3.6299985367804766e-05,1,120
False,inf,1,120,manhattan,,0.25,0,rerun_after_add,0,3,4,1.0600022505968809e-05,1,120
False,inf,1,120,manhattan,,0.25,0,repair_after_add,0,3,4,8.700008038431406e-06,1,120
False,inf,1,120,euclidean,,0.25,0,first_astar,0,3,4,1.1699972674250603e-05,1,120
False,inf,1,120,euclidean,,0.25,0,rerun_after_add,0,3,4,7.199996616691351e-06,1,120
False,inf,1,120,euclidean,,0.25,0,repair_after_add,0,3,4,6.999995093792677e-06,1,120
False,inf,1,120,manhattan,,0.25,0,first_astar,0,4,4,2.7699978090822697e-05,1,120
False,inf,1,120,manhattan,,0.25,0,rerun_after_add,0,4,4,8.600007276982069e-06,1,120
False,inf,1,120,manhattan,,0.25,0,repair_after_add,0,4,4,8.600007276982069e-06,1,120
False,inf,1,120,euclidean,,0.25,0,first_astar,0,4,4,9.700015652924776e-06,1,120
False,inf,1,120,euclidean,,0.25,0,rerun_after_add,0,4,4,6.799993570894003e-06,1,120
False,inf,1,120,euclidean,,0.25,0,repair_after_add,0,4,4,6.699992809444666e-06,1,120
False,238.0,1656,120,manhattan,,0.25,239,first_astar,2188,0,5,0.023629900009837,2067,120
False,238.0,1985,120,manhattan,,0.25,239,rerun_after_add,2537,0,5,0.03107250004541129,2359,120
False,238.0,1985,120,manhattan,boxed_repair,0.25,239,repair_after_add,2537,0,5,0.04768429999239743,2359,120
False,238.0,9712,120,euclidean,,0.25,239,first_astar,9852,0,5,0.14750379999168217,9853,120
False,238.0,9708,120,euclidean,,0.25,239,rerun_after_add,9853,0,5,0.16024349996587262,9854,120
False,238.0,9708,120,euclidean,boxed_repair,0.25,239,repair_after_add,9853,0,5,0.1858252999954857,9854,120
False,238.0,1656,120,manhattan,,0.25,239,first_astar,2188,1,5,0.02075129997683689,2067,120
False,238.0,1985,120,manhattan,,0.25,239,rerun_after_add,2537,1,5,0.02479490003315732,2359,120
False,238.0,1985,120,manhattan,boxed_repair,0.25,239,repair_after_add,2537,1,5,0.027767200022935867,2359,120
False,238.0,9712,120,euclidean,,0.25,239,first_astar,9852,1,5,0.16926530003547668,9853,120
False,238.0,9708,120,euclidean,,0.25,239,rerun_after_add,9853,1,5,0.24074420001124963,9854,120
False,238.0,9708,120,euclidean,boxed_repair,0.25,239,repair_after_add,9853,1,5,0.26449110003886744,9854,120
False,238.0,1656,120,manhattan,,0.25,239,first_astar,2188,2,5,0.02242119994480163,2067,120
False,238.0,1985,120,manhattan,,0.25,239,rerun_after_add,2537,2,5,0.023502199968788773,2359,120
False,238.0,1985,120,manhattan,boxed_repair,0.25,239,repair_after_add,2537,2,5,0.02740219997940585,2359,120
False,238.0,9712,120,euclidean,,0.25,239,first_astar,9852,2,5,0.1518762999912724,9853,120
False,238.0,9708,120,euclidean,,0.25,239,rerun_after_add,9853,2,5,0.18963489995803684,9854,120
False,238.0,9708,120,euclidean,boxed_repair,0.25,239,repair_after_add,9853,2,5,0.23844630003441125,9854,120
False,238.0,1656,120,manhattan,,0.25,239,first_astar,2188,3,5,0.04276169999502599,2067,120
False,238.0,1985,120,manhattan,,0.25,239,rerun_after_add,2537,3,5,0.049413500004448,2359,120
False,238.0,1985,120,manhattan,boxed_repair,0.25,239,repair_after_add,2537,3,5,0.0687045999802649,2359,120
False,238.0,9712,120,euclidean,,0.25,239,first_astar,9852,3,5,0.23799110000254586,9853,120
False,238.0,9708,120,euclidean,,0.25,239,rerun_after_add,9853,3,5,0.16709639999317005,9854,120
False,238.0,9708,120,euclidean,boxed_repair,0.25,239,repair_after_add,9853,3,5,0.20692570001119748,9854,120
False,238.0,1656,120,manhattan,,0.25,239,first_astar,2188,4,5,0.04306679998990148,2067,120
False,238.0,1985,120,manhattan,,0.25,239,rerun_after_add,2537,4,5,0.0672276999684982,2359,120
False,238.0,1985,120,manhattan,boxed_repair,0.25,239,repair_after_add,2537,4,5,0.07636329997330904,2359,120
False,238.0,9712,120,euclidean,,0.25,239,first_astar,9852,4,5,0.2964586999733001,9853,120
False,238.0,9708,120,euclidean,,0.25,239,rerun_after_add,9853,4,5,0.19550219998927787,9854,120
False,238.0,9708,120,euclidean,boxed_repair,0.25,239,repair_after_add,9853,4,5,0.372058900014963,9854,120
False,238.0,2492,120,manhattan,,0.25,239,first_astar,3289,0,6,0.12926070002140477,3049,120
False,238.0,1442,120,manhattan,,0.25,239,rerun_after_add,1979,0,6,0.0754066999652423,1833,120
False,238.0,1442,120,manhattan,boxed_repair,0.25,239,repair_after_add,1979,0,6,0.06677459995262325,1833,120
False,238.0,9511,120,euclidean,,0.25,239,first_astar,9651,0,6,0.3502060999744572,9652,120
False,238.0,9506,120,euclidean,,0.25,239,rerun_after_add,9646,0,6,0.3144532999722287,9646,120
False,238.0,9506,120,euclidean,boxed_repair,0.25,239,repair_after_add,9646,0,6,0.21932470001047477,9646,120
False,238.0,2492,120,manhattan,,0.25,239,first_astar,3289,1,6,0.043594099988695234,3049,120
False,238.0,1442,120,manhattan,,0.25,239,rerun_after_add,1979,1,6,0.02154980000341311,1833,120
False,238.0,1442,120,manhattan,boxed_repair,0.25,239,repair_after_add,1979,1,6,0.024829600006341934,1833,120
False,238.0,9511,120,euclidean,,0.25,239,first_astar,9651,1,6,0.310437899956014,9652,120
False,238.0,9506,120,euclidean,,0.25,239,rerun_after_add,9646,1,6,0.19879599998239428,9646,120
False,238.0,9506,120,euclidean,boxed_repair,0.25,239,repair_after_add,9646,1,6,0.17755730001954362,9646,120
False,238.0,2492,120,manhattan,,0.25,239,first_astar,3289,2,6,0.03036860004067421,3049,120
False,238.0,1442,120,manhattan,,0.25,239,rerun_after_add,1979,2,6,0.01880160003202036,1833,120
False,238.0,1442,120,manhattan,boxed_repair,0.25,239,repair_after_add,1979,2,6,0.022645800025202334,1833,120
False,238.0,9511,120,euclidean,,0.25,239,first_astar,9651,2,6,0.16506060003302991,9652,120
False,238.0,9506,120,euclidean,,0.25,239,rerun_after_add,9646,2,6,0.1623455000226386,9646,120
False,238.0,9506,120,euclidean,boxed_repair,0.25,239,repair_after_add,9646,2,6,0.1857832000241615,9646,120
False,238.0,2492,120,manhattan,,0.25,239,first_astar,3289,3,6,0.05118779995245859,3049,120
False,238.0,1442,120,manhattan,,0.25,239,rerun_after_add,1979,3,6,0.02514419995713979,1833,120
False,238.0,1442,120,manhattan,boxed_repair,0.25,239,repair_after_add,1979,3,6,0.03230690001510084,1833,120
False,238.0,9511,120,euclidean,,0.25,239,first_astar,9651,3,6,0.22001360001740977,9652,120
False,238.0,9506,120,euclidean,,0.25,239,rerun_after_add,9646,3,6,0.1648451000219211,9646,120
False,238.0,9506,120,euclidean,boxed_repair,0.25,239,repair_after_add,9646,3,6,0.13543249998474494,9646,120
False,238.0,2492,120,manhattan,,0.25,239,first_astar,3289,4,6,0.034385800012387335,3049,120
False,238.0,1442,120,manhattan,,0.25,239,rerun_after_add,1979,4,6,0.018188200017903,1833,120
False,238.0,1442,120,manhattan,boxed_repair,0.25,239,repair_after_add,1979,4,6,0.017870100040454417,1833,120
False,238.0,9511,120,euclidean,,0.25,239,first_astar,9651,4,6,0.11460440000519156,9652,120
False,238.0,9506,120,euclidean,,0.25,239,rerun_after_add,9646,4,6,0.1244911000248976,9646,120
False,238.0,9506,120,euclidean,boxed_repair,0.25,239,repair_after_add,9646,4,6,0.18202259996905923,9646,120
False,inf,7,120,manhattan,,0.25,0,first_astar,6,0,7,0.00018500001169741154,7,120
False,inf,7,120,manhattan,,0.25,0,rerun_after_add,6,0,7,8.909997995942831e-05,7,120
False,inf,7,120,manhattan,,0.25,0,repair_after_add,6,0,7,8.299999171867967e-05,7,120
False,inf,7,120,euclidean,,0.25,0,first_astar,6,0,7,9.250000584870577e-05,7,120
False,inf,7,120,euclidean,,0.25,0,rerun_after_add,6,0,7,8.679996244609356e-05,7,120
False,inf,7,120,euclidean,,0.25,0,repair_after_add,6,0,7,4.700000863522291e-05,7,120
False,inf,7,120,manhattan,,0.25,0,first_astar,6,1,7,0.00017899996601045132,7,120
False,inf,7,120,manhattan,,0.25,0,rerun_after_add,6,1,7,9.14999982342124e-05,7,120
False,inf,7,120,manhattan,,0.25,0,repair_after_add,6,1,7,8.690002141520381e-05,7,120
False,inf,7,120,euclidean,,0.25,0,first_astar,6,1,7,9.339995449408889e-05,7,120
False,inf,7,120,euclidean,,0.25,0,rerun_after_add,6,1,7,8.840003283694386e-05,7,120
False,inf,7,120,euclidean,,0.25,0,repair_after_add,6,1,7,0.00016310001956298947,7,120
False,inf,7,120,manhattan,,0.25,0,first_astar,6,2,7,0.0001370999962091446,7,120
False,inf,7,120,manhattan,,0.25,0,rerun_after_add,6,2,7,9.029998909682035e-05,7,120
False,inf,7,120,manhattan,,0.25,0,repair_after_add,6,2,7,0.0002937000244855881,7,120
False,inf,7,120,euclidean,,0.25,0,first_astar,6,2,7,0.0010594999766908586,7,120
False,inf,7,120,euclidean,,0.25,0,rerun_after_add,6,2,7,0.00021729996660724282,7,120
False,inf,7,120,euclidean,,0.25,0,repair_after_add,6,2,7,8.659996092319489e-05,7,120
False,inf,7,120,manhattan,,0.25,0,first_astar,6,3,7,0.0001281000440940261,7,120
False,inf,7,120,manhattan,,0.25,0,rerun_after_add,6,3,7,7.720000576227903e-05,7,120
False,inf,7,120,manhattan,,0.25,0,repair_after_add,6,3,7,4.930002614855766e-05,7,120
False,inf,7,120,euclidean,,0.25,0,first_astar,6,3,7,5.229999078437686e-05,7,120
False,inf,7,120,euclidean,,0.25,0,rerun_after_add,6,3,7,4.770001396536827e-05,7,120
False,inf,7,120,euclidean,,0.25,0,repair_after_add,6,3,7,8.920003892853856e-05,7,120
False,inf,7,120,manhattan,,0.25,0,first_astar,6,4,7,0.00012199999764561653,7,120
False,inf,7,120,manhattan,,0.25,0,rerun_after_add,6,4,7,8.339999476447701e-05,7,120
False,inf,7,120,manhattan,,0.25,0,repair_after_add,6,4,7,8.499994874000549e-05,7,120
False,inf,7,120,euclidean,,0.25,0,first_astar,6,4,7,5.390000296756625e-05,7,120
False,inf,7,120,euclidean,,0.25,0,rerun_after_add,6,4,7,4.680000711232424e-05,7,120
False,inf,7,120,euclidean,,0.25,0,repair_after_add,6,4,7,9.669997962191701e-05,7,120
False,238.0,1876,120,manhattan,,0.25,239,first_astar,2510,0,8,0.025711100024636835,2329,120
False,238.0,2391,120,manhattan,,0.25,239,rerun_after_add,3176,0,8,0.033619599998928607,2989,120
False,238.0,2391,120,manhattan,boxed_repair,0.25,239,repair_after_add,3176,0,8,0.05581230000825599,2989,120
False,238.0,9392,120,euclidean,,0.25,239,first_astar,9537,0,8,0.12661819998174906,9537,120
False,238.0,9405,120,euclidean,,0.25,239,rerun_after_add,9540,0,8,0.13898469996638596,9541,120
False,238.0,9405,120,euclidean,boxed_repair,0.25,239,repair_after_add,9540,0,8,0.15075559995602816,9541,120
False,238.0,1876,120,manhattan,,0.25,239,first_astar,2510,1,8,0.03156259999377653,2329,120
False,238.0,2391,120,manhattan,,0.25,239,rerun_after_add,3176,1,8,0.035379800014197826,2989,120
False,238.0,2391,120,manhattan,boxed_repair,0.25,239,repair_after_add,3176,1,8,0.037369700032286346,2989,120
False,238.0,9392,120,euclidean,,0.25,239,first_astar,9537,1,8,0.13573159999214113,9537,120
False,238.0,9405,120,euclidean,,0.25,239,rerun_after_add,9540,1,8,0.13358720001997426,9541,120
False,238.0,9405,120,euclidean,boxed_repair,0.25,239,repair_after_add,9540,1,8,0.13558800000464544,9541,120
False,238.0,1876,120,manhattan,,0.25,239,first_astar,2510,2,8,0.02338730002520606,2329,120
False,238.0,2391,120,manhattan,,0.25,239,rerun_after_add,3176,2,8,0.02970780001487583,2989,120
False,238.0,2391,120,manhattan,boxed_repair,0.25,239,repair_after_add,3176,2,8,0.036257800005842,2989,120
False,238.0,9392,120,euclidean,,0.25,239,first_astar,9537,2,8,0.1404672999633476,9537,120
False,238.0,9405,120,euclidean,,0.25,239,rerun_after_add,9540,2,8,0.14979470003163442,9541,120
False,238.0,9405,120,euclidean,boxed_repair,0.25,239,repair_after_add,9540,2,8,0.18072539998684078,9541,120
False,238.0,1876,120,manhattan,,0.25,239,first_astar,2510,3,8,0.023999999975785613,2329,120
False,238.0,2391,120,manhattan,,0.25,239,rerun_after_add,3176,3,8,0.034427600039634854,2989,120
False,238.0,2391,120,manhattan,boxed_repair,0.25,239,repair_after_add,3176,3,8,0.031462699989788234,2989,120
False,238.0,9392,120,euclidean,,0.25,239,first_astar,9537,3,8,0.11538940004538745,9537,120
False,238.0,9405,120,euclidean,,0.25,239,rerun_after_add,9540,3,8,0.12281859997892752,9541,120
False,238.0,9405,120,euclidean,boxed_repair,0.25,239,repair_after_add,9540,3,8,0.13959239999530837,9541,120
False,238.0,1876,120,manhattan,,0.25,239,first_astar,2510,4,8,0.026226999994833022,2329,120
False,238.0,2391,120,manhattan,,0.25,239,rerun_after_add,3176,4,8,0.028312399983406067,2989,120
False,238.0,2391,120,manhattan,boxed_repair,0.25,239,repair_after_add,3176,4,8,0.03230909997364506,2989,120
False,238.0,9392,120,euclidean,,0.25,239,first_astar,9537,4,8,0.12324629997601733,9537,120
False,238.0,9405,120,euclidean,,0.25,239,rerun_after_add,9540,4,8,0.11590430000796914,9541,120
False,238.0,9405,120,euclidean,boxed_repair,0.25,239,repair_after_add,9540,4,8,0.13221859995974228,9541,120
False,238.0,2793,120,manhattan,,0.25,239,first_astar,3706,0,9,0.03018010000232607,3415,120
False,238.0,2092,120,manhattan,,0.25,239,rerun_after_add,2794,0,9,0.023946700035594404,2582,120
False,238.0,2092,120,manhattan,boxed_repair,0.25,239,repair_after_add,2794,0,9,0.02334120002342388,2582,120
False,238.0,9416,120,euclidean,,0.25,239,first_astar,9583,0,9,0.1262531000538729,9584,120
False,238.0,9441,120,euclidean,,0.25,239,rerun_after_add,9591,0,9,0.1328304999624379,9591,120
False,238.0,9441,120,euclidean,boxed_repair,0.25,239,repair_after_add,9591,0,9,0.1516321999952197,9591,120
False,238.0,2793,120,manhattan,,0.25,239,first_astar,3706,1,9,0.03515499999048188,3415,120
False,238.0,2092,120,manhattan,,0.25,239,rerun_after_add,2794,1,9,0.026936599984765053,2582,120
False,238.0,2092,120,manhattan,boxed_repair,0.25,239,repair_after_add,2794,1,9,0.029926599992904812,2582,120
False,238.0,9416,120,euclidean,,0.25,239,first_astar,9583,1,9,0.13485199998831376,9584,120
False,238.0,9441,120,euclidean,,0.25,239,rerun_after_add,9591,1,9,0.1387024000287056,9591,120
False,238.0,9441,120,euclidean,boxed_repair,0.25,239,repair_after_add,9591,1,9,0.13433179998537526,9591,120
False,238.0,2793,120,manhattan,,0.25,239,first_astar,3706,2,9,0.03228699997998774,3415,120
False,238.0,2092,120,manhattan,,0.25,239,rerun_after_add,2794,2,9,0.024983400013297796,2582,120
False,238.0,2092,120,manhattan,boxed_repair,0.25,239,repair_after_add,2794,2,9,0.02998749999096617,2582,120
False,238.0,9416,120,euclidean,,0.25,239,first_astar,9583,2,9,0.11151580000296235,9584,120
False,238.0,9441,120,euclidean,,0.25,239,rerun_after_add,9591,2,9,0.10912820004159585,9591,120
False,238.0,9441,120,euclidean,boxed_repair,0.25,239,repair_after_add,9591,2,9,0.12923929997486994,9591,120
False,238.0,2793,120,manhattan,,0.25,239,first_astar,3706,3,9,0.03145930002210662,3415,120
False,238.0,2092,120,manhattan,,0.25,239,rerun_after_add,2794,3,9,0.021616099984385073,2582,120
False,238.0,2092,120,manhattan,boxed_repair,0.25,239,repair_after_add,2794,3,9,0.037489800015464425,2582,120
False,238.0,9416,120,euclidean,,0.25,239,first_astar,9583,3,9,0.15073100000154227,9584,120
False,238.0,9441,120,euclidean,,0.25,239,rerun_after_add,9591,3,9,0.1651191000128165,9591,120
False,238.0,9441,120,euclidean,boxed_repair,0.25,239,repair_after_add,9591,3,9,0.2449044999666512,9591,120
False,238.0,2793,120,manhattan,,0.25,239,first_astar,3706,4,9,0.09837560000596568,3415,120
False,238.0,2092,120,manhattan,,0.25,239,rerun_after_add,2794,4,9,0.06697179999900982,2582,120
False,238.0,2092,120,manhattan,boxed_repair,0.25,239,repair_after_add,2794,4,9,0.06971079995855689,2582,120
False,238.0,9416,120,euclidean,,0.25,239,first_astar,9583,4,9,0.2461384999915026,9584,120
False,238.0,9441,120,euclidean,,0.25,239,rerun_after_add,9591,4,9,0.13210940000135452,9591,120
False,238.0,9441,120,euclidean,boxed_repair,0.25,239,repair_after_add,9591,4,9,0.136404599994421,9591,120
False,238.0,1338,120,manhattan,,0.25,239,first_astar,1772,0,10,0.018864399986341596,1688,120
False,238.0,2358,120,manhattan,,0.25,239,rerun_after_add,3108,0,10,0.026668399979826063,2899,120
False,238.0,2358,120,manhattan,boxed_repair,0.25,239,repair_after_add,3108,0,10,0.03037749999202788,2899,120
False,238.0,9822,120,euclidean,,0.25,239,first_astar,9969,0,10,0.1221217000274919,9970,120
False,238.0,9796,120,euclidean,,0.25,239,rerun_after_add,9960,0,10,0.11687450000317767,9961,120
False,238.0,9796,120,euclidean,boxed_repair,0.25,239,repair_after_add,9960,0,10,0.12568640004610643,9961,120
False,238.0,1338,120,manhattan,,0.25,239,first_astar,1772,1,10,0.014832800021395087,1688,120
False,238.0,2358,120,manhattan,,0.25,239,rerun_after_add,3108,1,10,0.026584500039462,2899,120
False,238.0,2358,120,manhattan,boxed_repair,0.25,239,repair_after_add,3108,1,10,0.031120500003453344,2899,120
False,238.0,9822,120,euclidean,,0.25,239,first_astar,9969,1,10,0.14282820001244545,9970,120
False,238.0,9796,120,euclidean,,0.25,239,rerun_after_add,9960,1,10,0.17557050002506003,9961,120
False,238.0,9796,120,euclidean,boxed_repair,0.25,239,repair_after_add,9960,1,10,0.21690309996483847,9961,120
False,238.0,1338,120,manhattan,,0.25,239,first_astar,1772,2,10,0.021448699990287423,1688,120
False,238.0,2358,120,manhattan,,0.25,239,rerun_after_add,3108,2,10,0.056325099954847246,2899,120
False,238.0,2358,120,manhattan,boxed_repair,0.25,239,repair_after_add,3108,2,10,0.06053509999765083,2899,120
False,238.0,9822,120,euclidean,,0.25,239,first_astar,9969,2,10,0.16985479998402297,9970,120
False,238.0,9796,120,euclidean,,0.25,239,rerun_after_add,9960,2,10,0.1426550999749452,9961,120
False,238.0,9796,120,euclidean,boxed_repair,0.25,239,repair_after_add,9960,2,10,0.13997129997005686,9961,120
False,238.0,1338,120,manhattan,,0.25,239,first_astar,1772,3,10,0.018756399978883564,1688,120
False,238.0,2358,120,manhattan,,0.25,239,rerun_after_add,3108,3,10,0.02826579997781664,2899,120
False,238.0,2358,120,manhattan,boxed_repair,0.25,239,repair_after_add,3108,3,10,0.028376700007356703,2899,120
False,238.0,9822,120,euclidean,,0.25,239,first_astar,9969,3,10,0.11689710000064224,9970,120
False,238.0,9796,120,euclidean,,0.25,239,rerun_after_add,9960,3,10,0.115040400007274,9961,120
False,238.0,9796,120,euclidean,boxed_repair,0.25,239,repair_after_add,9960,3,10,0.12044319999404252,9961,120
False,238.0,1338,120,manhattan,,0.25,239,first_astar,1772,4,10,0.015128500002902001,1688,120
False,238.0,2358,120,manhattan,,0.25,239,rerun_after_add,3108,4,10,0.02596090000588447,2899,120
False,238.0,2358,120,manhattan,boxed_repair,0.25,239,repair_after_add,3108,4,10,0.028122799994889647,2899,120
False,238.0,9822,120,euclidean,,0.25,239,first_astar,9969,4,10,0.10883179999655113,9970,120
False,238.0,9796,120,euclidean,,0.25,239,rerun_after_add,9960,4,10,0.13799509999807924,9961,120
False,238.0,9796,120,euclidean,boxed_repair,0.25,239,repair_after_add,9960,4,10,0.16805720003321767,9961,120
